effective_date,symbol,change,source,needs_review,note
2020-03-27,ADANIGAS,ignore,ind_prs13052020.pdf p.1,false,"Mar-2020 review declared null and void (COVID deferment); redone 2020-06-26"
2020-03-27,ADANIGREEN,ignore,ind_prs13052020.pdf p.1,false,"Mar-2020 review null and void"
2020-03-27,ADANITRANS,ignore,ind_prs13052020.pdf p.1,false,"Mar-2020 review null and void; ADANITRANS had already entered 2020-03-19 (Yes Bank exclusion, ind_prs16032020.pdf)"
2020-03-27,IRCTC,ignore,ind_prs13052020.pdf p.1,false,"Mar-2020 review null and void"
2020-03-27,NIITTECH,ignore,ind_prs13052020.pdf p.1,false,"Mar-2020 review null and void"
2020-03-27,POLYCAB,ignore,ind_prs13052020.pdf p.1,false,"Mar-2020 review null and void"
2020-03-27,FCONSUMER,ignore,ind_prs13052020.pdf p.1,false,"Mar-2020 review null and void"
2020-03-27,GRAPHITE,ignore,ind_prs13052020.pdf p.1,false,"Mar-2020 review null and void"
2020-03-27,HEG,ignore,ind_prs13052020.pdf p.1,false,"Mar-2020 review null and void"
2020-03-27,NBCC,ignore,ind_prs13052020.pdf p.1,false,"Mar-2020 review null and void"
2020-03-27,STRTECH,ignore,ind_prs13052020.pdf p.1,false,"Mar-2020 review null and void"
2020-03-27,VARROC,ignore,ind_prs13052020.pdf p.1,false,"Mar-2020 review null and void"
2021-09-30,ABBOTINDIA,remove,ind_prs23082021.pdf p.14 (OCR),true,"image-only PDF; transcribed from OCR"
2021-09-30,BBTC,remove,ind_prs23082021.pdf p.14 (OCR),true,"image-only PDF; transcribed from OCR"
2021-09-30,CESC,remove,ind_prs23082021.pdf p.14 (OCR),true,"image-only PDF; transcribed from OCR"
2021-09-30,GODREJAGRO,remove,ind_prs23082021.pdf p.14 (OCR),true,"image-only PDF; transcribed from OCR"
2021-09-30,IBULHSGFIN,remove,ind_prs23082021.pdf p.14 (OCR),true,"image-only PDF; transcribed from OCR"
2021-09-30,VGUARD,remove,ind_prs23082021.pdf p.14 (OCR),true,"image-only PDF; transcribed from OCR"
2021-09-30,ASTRAL,add,ind_prs23082021.pdf p.14 (OCR),true,"image-only PDF; transcribed from OCR"
2021-09-30,HINDCOPPER,add,ind_prs23082021.pdf p.14 (OCR),true,"image-only PDF; transcribed from OCR"
2021-09-30,INDIANB,add,ind_prs23082021.pdf p.14 (OCR),true,"image-only PDF; transcribed from OCR"
2021-09-30,IRFC,add,ind_prs23082021.pdf p.14 (OCR),true,"image-only PDF; transcribed from OCR"
2021-09-30,NATIONALUM,add,ind_prs23082021.pdf p.14 (OCR),true,"image-only PDF; transcribed from OCR"
2021-09-30,TATACOMM,add,ind_prs23082021.pdf p.14 (OCR),true,"image-only PDF; transcribed from OCR"
2024-03-28,IREDA,ignore,ind_prs19032024.pdf p.2,false,"Nifty 200 row 5: IREDA inclusion revoked (impact-cost breach)"
2024-03-28,BSE,add,ind_prs19032024.pdf p.2,false,"Nifty 200 row 5: BSE included in place of IREDA"
2024-08-30,TATAMTRDVR,remove,ind_prs23082024_1.pdf p.1,false,"DVR shares cancelled; no Nifty 200 replacement named (index at 199 until 2024-09-30)"
2024-09-30,IDEA,ignore,ind_prs25092024.pdf p.1,false,"Nifty 200 row 8: IDEA exclusion revoked"
2024-09-30,CENTRALBK,ignore,ind_prs25092024.pdf p.1,false,"Nifty 200 row 8: CENTRALBK inclusion revoked"
