date,label,source
2017-10-19,Muhurat,user list (unverified)
2018-11-07,Muhurat,user list (unverified)
2019-10-27,Muhurat,user list (unverified)
2020-11-14,Muhurat,user list (unverified)
2021-11-04,Muhurat,user list (unverified)
2022-10-24,Muhurat,user list (unverified)
2023-11-12,Muhurat,user list (unverified)
2024-11-01,Muhurat,user list (unverified)
2025-10-21,Muhurat,user list (unverified)
2020-02-01,Saturday session (Budget),user list (unverified)
2024-01-20,Saturday session,user list (unverified)
2024-03-02,Saturday session,user list (unverified)
2024-05-18,Saturday session,user list (unverified)
2025-02-01,Saturday session (Budget),user list (unverified)
